"Round","Candidate","Mode","MedianWorkingSetMiB","MedianPrivateMiB","MedianGpuLocalMiB","PeakWorkingSetMiB","MeanCpuOneCorePercent","MeanCpuMachinePercent","ProcessCount","ProcessNames","Samples"
"1","wails","editor","457,3","290,7","44,6","465,1","0","0","9","conhost,msedgewebview2,native-go-host,vantare-native-go-wails","5"
"1","qt","editor","160,1","141,4","35,1","160,1","0","0","3","conhost,native-go-host,vantare-native-go-qt","5"
"1","slint","editor","175,5","291,1","102,3","175,5","0,18","0,011","3","conhost,native-go-host,vantare-native-go-slint","5"
"2","slint","editor","175,3","291","102,3","175,3","0,17","0,011","3","conhost,native-go-host,vantare-native-go-slint","5"
"2","wails","editor","456","289,3","44,6","463,8","0,35","0,022","9","conhost,msedgewebview2,native-go-host,vantare-native-go-wails","5"
"2","qt","editor","160,3","141,8","35,1","160,3","0,35","0,022","3","conhost,native-go-host,vantare-native-go-qt","5"
"3","qt","editor","160,4","141,7","35,1","160,4","0,18","0,011","3","conhost,native-go-host,vantare-native-go-qt","5"
"3","slint","editor","175,7","291,3","102,3","175,7","0,35","0,022","3","conhost,native-go-host,vantare-native-go-slint","5"
"3","wails","editor","459,7","292","44,6","467,6","0,7","0,044","9","conhost,msedgewebview2,native-go-host,vantare-native-go-wails","5"
