"Round","Candidate","AdapterBeforeMiB","AdapterDuringMiB","AdapterAfterMiB","AdapterDeltaMiB","ProcessGpuLocalMiB","WorkingSetMiB","PrivateMiB","CpuMachinePercent","Processes","ProcessNames"
"1","Wails","1103","1155,8","1106,7","51","44,6","397,3","240","0,008","8","conhost,msedgewebview2,vantare-native-go-wails"
"1","Qt","1106,7","1146,3","1112","37","35,1","95,3","90","0,008","2","conhost,vantare-native-go-qt"
"1","Slint","1106,7","1209","1106,7","102,3","102,3","110,4","239,2","0,016","2","conhost,vantare-native-go-slint"
"2","Qt","1106,7","1146,3","1106,7","39,6","35,1","95,6","90,2","0,008","2","conhost,vantare-native-go-qt"
"2","Slint","1106,7","1214,2","1108,5","106,6","102,3","110,5","239,4","0,016","2","conhost,vantare-native-go-slint"
"2","Wails","1108,5","1165,5","1121","50,8","49,1","393,9","241,7","0,008","8","conhost,msedgewebview2,vantare-native-go-wails"
"3","Slint","1118,7","1214,5","1110,5","99,9","102,3","110,5","239,1","0","2","conhost,vantare-native-go-slint"
"3","Wails","1110,5","1158,8","1116,5","45,3","44,6","395,8","237,8","0,016","8","conhost,msedgewebview2,vantare-native-go-wails"
"3","Qt","1112,7","1152,3","1116,5","37,7","35,1","95,5","90,1","0","2","conhost,vantare-native-go-qt"
