"Round","Candidate","Bounds","ExtendedStyle","TransparentStyle","NoActivateStyle","CornerRespondsToUnderlay","ClickThrough","ForegroundPreserved","UnderlayForegroundBefore","HitIsUnderlay"
"1","qt","520x500","0x80C0028","True","True","True","True","True","True","True"
"1","slint","520x500","0x80C0138","True","True","True","True","True","True","True"
"1","wails","520x500","0xD0128","True","False","True","True","True","True","True"
"2","qt","520x500","0x80C0028","True","True","True","True","True","True","True"
"2","slint","520x500","0x80C0138","True","True","True","True","True","True","True"
"2","wails","520x500","0xD0128","True","False","True","True","True","True","True"
"3","qt","520x500","0x80C0028","True","True","True","True","True","True","True"
"3","slint","520x500","0x80C0138","True","True","True","True","True","True","True"
"3","wails","520x500","0xD0128","True","False","True","True","True","True","True"
